1998/8/14,167400,94979020,528,555,44.3,530
1998/8/17,110000,59036200,528,538,-17,320
1998/8/18,97200,50791000,515,518,-20,339
1998/8/19,96405,50142830,515,516,-2,253
1998/8/20,137600,69319180,497,503,-13,422
1998/8/21,104000,51755250,480.1,483,-20,323
1998/8/24,42600,21206780,494,498,15,136
1998/8/25,35402,17445310,487,490,-8,114
1998/8/26,22200,11007280,490,498.5,8.5,70
1998/8/27,13600,6707180,490,491,-7.5,56
1998/8/28,23600,11622730,486,488,-3,81
1998/8/31,37804,18197820,476,482,-6,127
1998/9/1,70000,34065900,482,494,12,122
1998/9/2,109602,52799020,480,484.3,-9.7,296
1998/9/3,151800,74044180,481,490,5.7,303
1998/9/4,95200,47061680,491,491.5,1.5,250
1998/9/7,83204,42041600,500,510.2,18.7,300
1998/9/8,76436,39250016,506,516.35,6.15,265
1998/9/9,80800,41854190,510,510,-6.35,193
1998/9/10,92000,47640080,512,522.5,12.5,191
1998/9/11,51206,26780046,516.8,525,2.5,114
1998/9/14,44242,22868926,513,518,-7,143
1998/9/15,16000,8314430,518,520,2,53
1998/9/16,35000,18249640,518,523,3,97
1998/9/17,62076,33047344,525,535,12,176
1998/9/18,24401,12978261,529,531.05,-3.95,68
1998/9/21,112600,59054700,520,527.5,-3.55,118
1998/9/22,13802,7233104,522,524.45,-3.05,51
1998/9/23,24804,12933130,519,520,-4.45,73
1998/9/24,45800,23322770,504,507.5,-12.5,147
1998/9/25,33200,16760040,502,507.05,-0.45,96
1998/9/28,31800,15919950,497.5,498,-9.05,108
1998/9/29,18600,9374680,500,506,8,74
1998/9/30,72200,36132680,497,500.55,-5.45,241
1998/10/1,12400,6205410,498.8,501,0.45,51
1998/10/2,140000,68109430,480,485.1,-15.9,403
1998/10/5,34200,16576890,483.95,484.7,-0.4,107
1998/10/6,33000,16230230,486,494.2,9.5,123
1998/10/7,110005,55880320,499.2,510,15.8,246
1998/10/8,53600,27568950,510.5,513.05,3.05,172
1998/10/9,58600,30435570,514.5,519.1,6.05,175
1998/10/12,72200,37677870,519,520,0.9,97
1998/10/13,59400,31012450,512.5,524.2,4.2,132
1998/10/14,46600,24552160,522.5,529.9,5.7,111
1998/10/15,84000,45207690,530,537,7.1,223
1998/10/16,38200,20470980,533,535.05,-1.95,83
1998/10/19,27400,14617120,530,535,-0.05,80
1998/10/20,25000,13581160,538,543.7,8.7,100
1998/10/21,19200,10401330,540,541,-2.7,72
1998/10/22,24000,12928310,534,536.9,-4.1,80
1998/10/23,52000,28600000,538,552,15.1,143
1998/10/26,12800,7047670,547,551.5,-0.5,53
1998/10/27,50200,27668180,545,553.7,2.2,144
1998/10/28,34800,18895880,537,537,-16.7,107
1998/10/29,24000,12612570,520.1,526.9,-10.1,90
1998/10/30,32400,17412940,528.45,538,11.1,125
1998/11/2,26400,13913790,522.5,530.05,-7.95,88
1998/11/3,28610,15351880,533,533,2.95,89
1998/11/4,16000,8575780,530.05,538.1,5.1,50
1998/11/5,12600,6756940,534,534,-4.1,50
1998/11/6,33000,18010920,540.5,547,13,96
1998/11/9,33000,18151600,545,548.1,1.1,100
1998/11/10,69800,39105310,553,559.65,11.55,152
1998/11/11,22800,12735930,556,557.95,-1.7,73
1998/11/12,19800,11155420,558.5,561.25,3.3,77
1998/11/13,3400,1890040,554,555.95,-5.3,16
1998/11/16,12800,7241090,558,566.05,10.1,48
1998/11/17,9200,5224450,566,566,-0.05,35
1998/11/18,38240,21742710,562.75,566.15,0.15,74
1998/11/19,17600,9932930,560,564,-2.15,53
1998/11/20,9606,5361934,555,557,-7,31
1998/11/23,5840,3259700,552,557.85,0.85,27
1998/11/24,14200,8023580,560,564,6.15,51
1998/11/25,32000,17727460,550,553.3,-10.7,98
1998/11/26,43400,24029760,548.45,548.45,-4.85,90
1998/11/27,52820,28192239,526,529.65,-18.8,181
1998/11/30,26200,14113340,533,539.25,9.6,104
1998/12/1,24800,13408980,537.7,545.25,6,49
1998/12/2,21602,11999760,550.25,555.05,9.8,61
1998/12/3,6200,3447510,555,555.25,0.2,27
1998/12/4,9000,4985800,546.7,546.7,-8.55,32
1998/12/7,10033,5601243,554.1,557.5,10.8,55
1998/12/8,5000,2757740,550,550.6,-6.9,21
1998/12/9,9600,5239730,541.5,543,-7.6,37
1998/12/10,19000,10179410,531.55,533.45,-9.55,70
1998/12/11,11400,6196980,540,543.8,10.35,41
1998/12/14,12600,6746340,531.5,540.65,-3.15,46
1998/12/15,5800,3127370,535.05,539,-1.65,23
1998/12/16,14271,7599311,530.1,532,-7,70
1998/12/17,15619,8241765,524.1,525.65,-6.35,60
1998/12/18,23800,12344560,516,520,X,98
1998/12/21,39800,20633910,516,516,-4,108
1998/12/22,21600,11225150,516,519.8,3.8,74
1998/12/23,33000,17105730,516.5,517.25,-2.55,86
1998/12/24,19200,10123440,524,529,11.75,71
1998/12/25,19000,10098630,529,531,2,59
1998/12/28,8600,4583640,532,532.5,1.5,32
1998/12/29,9400,4967780,524,526.8,-5.7,40
1998/12/30,17600,9199280,520,522.55,-4.25,60
1998/12/31,21000,11064330,522.55,528.95,6.4,83
1999/1/4,8600,4526100,525.1,525.4,-3.55,26
1999/1/5,31000,16470200,526,534.1,8.7,98
1999/1/6,45600,24699430,534.15,545,10.9,156
1999/1/7,25600,13845010,534.25,539.9,-5.1,66
1999/1/8,20200,10771700,530.3,533.5,-6.4,44
1999/1/11,23600,12786840,536.85,541.4,7.9,72
1999/1/12,15000,8033400,532.4,534.3,-7.1,37
1999/1/13,55200,28587900,515,516,-18.3,179
1999/1/14,36400,18778480,514,515.5,-0.5,125
1999/1/15,65000,33347780,508.5,510,-5.5,213
1999/1/18,32600,16495680,502.75,509,-1,123
1999/1/19,28000,14189960,503.2,504.2,-4.8,110
1999/1/20,17600,8978190,507,508.2,4,78
1999/1/21,46800,23433620,498,500,-8.2,157
1999/1/22,75600,36764380,481.35,485.55,-14.45,242
1999/1/25,17000,8262240,483,486.6,1.05,71
1999/1/26,38400,18505600,476,478.2,-8.4,137
1999/1/27,16600,7900030,473,475,-3.2,68
1999/1/28,17200,8227980,475,482.6,7.6,68
1999/1/29,18600,8867930,474.25,478.05,-4.55,53
1999/2/1,19000,8999210,468,479.5,1.45,78
1999/2/2,8400,4057320,478.7,478.85,-0.65,34
1999/2/3,14000,6759390,480,484,5.15,29
1999/2/4,4800,2316160,479.6,483.35,-0.65,22
1999/2/5,23400,10908480,463,465,-18.35,77
1999/2/6,13000,5956670,456,458,-7,55
1999/2/8,9000,4127910,458,458,,38
1999/2/9,8400,3852910,457.1,460.7,2.7,30
1999/2/10,13400,6264550,465.85,470.5,9.8,57
1999/2/22,8600,4081080,472.5,476.95,6.45,33
1999/2/23,10600,5050110,470,480.7,3.75,38
1999/2/24,3800,1795890,471.65,473.4,-7.3,11
1999/2/25,5200,2459810,470,472.75,-0.65,20
1999/2/26,6000,2857830,473,477.5,4.75,24
1999/3/1,12600,6106290,479,488.5,11,54
1999/3/2,17800,8731690,488,491.3,2.8,57
1999/3/3,18000,8879180,489.9,494,2.7,56
1999/3/4,9000,4409470,483,483,-11,19
1999/3/5,3600,1750900,483.5,484.45,1.45,17
1999/3/8,18400,9135690,486,498.5,14.05,68
1999/3/9,9200,4577200,493.6,498,-0.5,36
1999/3/10,13800,6869700,496.9,497,-1,33
1999/3/11,9400,4649650,490.7,492.05,-4.95,30
1999/3/12,4200,2079910,492.5,492.5,0.45,15
1999/3/15,6000,2931380,486,488,-4.5,16
1999/3/16,1000,489190,489,489,1,4
1999/3/17,3400,1676780,490,496.55,7.55,15
1999/3/18,9200,4569540,496,497.5,0.95,19
1999/3/19,2400,1190210,493.55,495.5,-2,11
1999/3/22,11200,5525610,491,493.5,-2,18
1999/3/23,6200,3067500,494,494.05,0.55,18
1999/3/24,200,98600,493,493,-1.05,1
1999/3/25,7600,3695140,484,486.5,-6.5,28
1999/3/26,1400,686250,490.05,490.5,4,5
1999/3/29,5400,2686110,493,498,7.5,22
1999/3/30,20600,10325460,498,501.4,3.4,60
1999/3/31,31400,15876820,500,503.85,2.45,95
1999/4/1,22400,11423990,503.8,511.25,7.4,59
1999/4/2,7800,4001300,507,507,-4.25,29
1999/4/6,8200,4179900,507.05,511.15,4.15,26
1999/4/7,27600,14360650,511,520,8.85,98
1999/4/8,10400,5405220,517,517,-3,36
1999/4/9,17600,9221880,517,524,7,74
1999/4/12,8400,4424820,523,525,1,31
1999/4/13,4400,2299940,518.5,518.5,-6.5,17
1999/4/14,9600,4950380,515,519,0.5,9
1999/4/15,2400,1244900,515,515,-4,10
1999/4/16,5200,2652640,507,508,-7,26
1999/4/19,9600,4789690,496,497,-11,39
1999/4/20,5000,2488270,496,500,3,20
1999/4/21,5800,2919860,500,500,,27
1999/4/22,6000,2967740,491.1,495.85,-4.15,27
1999/4/23,4400,2167100,491,492,-3.85,17
1999/4/26,600,301120,501.25,501.25,9.25,3
1999/4/27,11200,5509570,490,494.6,-6.65,47
1999/4/28,27000,13099350,482,486.5,-8.1,88
1999/4/29,6400,3109130,484.5,486.6,0.1,25
1999/4/30,11000,5352950,482.05,491.55,4.95,44
1999/5/3,11800,5703830,482,485.35,-6.2,45
1999/5/4,7000,3379490,480.95,481,-4.35,28
1999/5/5,32800,15340820,463,468.65,-12.35,137
1999/5/6,5400,2518600,463,465.75,-2.9,23
1999/5/7,7200,3328570,458,470,4.25,31
1999/5/10,6000,2832320,469.6,471,1,27
1999/5/11,16000,7561810,469,471,,39
1999/5/12,7000,3295570,467.1,467.1,-3.9,30
1999/5/13,5000,2384940,473,479.8,12.7,18
1999/5/14,2200,1047250,473,479.25,-0.55,11
1999/5/17,13400,6209790,461,462,-17.25,48
1999/5/18,5200,2408800,462.3,465,3,22
1999/5/19,4600,2137530,462,468.9,3.9,18
1999/5/20,6400,2965290,461,462,-6.9,28
1999/5/21,8000,3618270,450,453,-9,39
1999/5/24,4800,2221750,455,466.5,13.5,24
1999/5/25,6200,2849210,455,455,-11.5,28
1999/5/26,13400,6092040,450,457.2,2.2,26
1999/5/27,6000,2763680,456,456,-1.2,28
1999/5/28,4000,1869060,465,465,9,17
1999/5/31,2800,1314600,465,470,5,14
1999/6/1,3000,1390120,460,460,-10,15
1999/6/2,2600,1199380,460.2,461,1,9
1999/6/3,3600,1682330,463.5,467,6,14
1999/6/4,2000,932620,465,468.55,1.55,6
1999/6/7,5800,2678540,456,460,-8.55,26
1999/6/8,3000,1381200,460,460,,13
1999/6/9,2200,1017760,458,458,-2,11
1999/6/10,4600,2135720,461.5,469.9,11.9,20
1999/6/11,6400,3031140,471.7,472.1,2.2,27
1999/6/14,6000,2843470,467,474.6,2.5,20
1999/6/15,14600,6971580,474.75,478,3.4,34
1999/6/17,4600,2200780,476.8,476.8,-1.2,15
1999/6/18,7400,3555960,477,481,4.2,22
1999/6/21,22600,11060780,481,490.8,9.8,47
1999/6/22,5000,2456330,486,492,1.2,22
1999/6/23,6200,3029860,486,488.9,-3.1,19
1999/6/24,9000,4426120,488,492,3.1,23
1999/6/25,1400,677500,482.5,482.5,X,7
1999/6/28,400,195540,487.7,490,7.5,2
1999/6/29,3800,1827100,474.4,474.4,-15.6,14
1999/6/30,4000,1863170,462.8,468.65,-5.75,18
1999/7/1,2200,1022230,462.5,467.1,-1.55,11
1999/7/2,5000,2324000,462,462,-5.1,17
1999/7/5,2600,1208670,462,465.65,3.65,13
1999/7/6,9600,4501930,462,469,3.35,21
1999/7/7,2200,1032110,466,467,-2,11
1999/7/8,3000,1416500,471.2,472,5,13
1999/7/9,4400,2102040,472,479.5,7.5,18
1999/7/12,4400,2116850,476,481,1.5,20
1999/7/13,4000,1919000,477.05,477.05,-3.95,13
1999/7/14,7200,3512960,479,498,20.95,25
1999/7/15,4000,1927660,479.1,479.1,-18.9,17
1999/7/16,10600,5035510,474,474.4,-4.7,19
1999/7/19,3800,1795780,471,471.2,-3.2,16
1999/7/20,3000,1436950,473.05,480.6,9.4,9
1999/7/21,3000,1449180,480.6,480.6,,12
1999/7/22,800,383950,478.55,480.55,-0.05,4
1999/7/23,9600,4691300,487.4,489.9,9.35,30
1999/7/26,6400,3130340,483.75,490,0.1,26
1999/7/27,3000,1469600,488,489.2,-0.8,12
1999/7/28,6400,3126340,482,482,-7.2,23
1999/7/29,4400,2156100,485.1,490.05,8.05,20
1999/7/30,1400,680990,485.2,485.2,-4.85,7
1999/8/2,8000,3949010,489.9,493.95,8.75,27
1999/8/3,8800,4368140,494,496.25,2.3,25
1999/8/4,6200,3057610,490.5,492.55,-3.7,22
1999/8/5,5800,2864880,492.1,493.9,1.35,16
1999/8/6,6800,3360660,493.9,494.8,0.9,12
1999/8/9,3600,1750380,480.1,480.1,-14.7,14
1999/8/10,4400,2159520,486,488,7.9,20
1999/8/11,3200,1557040,485,485,-3,12
1999/8/12,11000,5264460,477,477.5,-7.5,41
1999/8/13,2000,958330,478,480.7,3.2,9
1999/8/16,2600,1251270,481,481.5,0.8,9
1999/8/17,2000,963620,481,481,-0.5,10
1999/8/18,2000,961820,480.1,480.1,-0.9,9
1999/8/19,1200,580630,480.5,486.8,6.7,6
1999/8/20,2400,1155380,479.4,482,-4.8,12
1999/8/23,2000,958960,479,479,-3,9
1999/8/24,1200,575020,478.05,480,1,6
1999/8/25,4600,2185530,474.2,475,-5,20
1999/8/26,1602,757280,471,473,-2,9
1999/8/27,1805,850480,470.2,470.2,-2.8,8
1999/8/30,14802,6978040,470.2,470.2,,12
1999/8/31,800,374920,468,469,-1.2,4
1999/9/1,10002,4723740,469,472.4,3.4,8
1999/9/2,1800,852540,470.45,470.45,-1.95,9
1999/9/3,2000,963620,479.55,479.55,9.1,10
1999/9/6,3491,1687585,479.55,484.2,4.65,14
1999/9/7,7800,3797630,483.05,486.85,2.65,29
1999/9/8,200,96960,484.8,484.8,-2.05,1
1999/9/9,1200,579500,476.5,484,-0.8,5
1999/9/10,800,386000,478,484,,3
1999/9/13,9800,4803970,483,492.5,8.5,32
1999/9/14,6800,3353790,487.1,495,2.5,27
1999/9/15,2000,982130,485.6,487.55,-7.45,10
1999/9/16,200,98800,494,494,6.45,1
1999/9/17,4400,2165370,487.55,493,-1,15
1999/9/20,6000,2955090,483.05,493.5,0.5,22
1999/9/21,10800,5307850,489.65,492.05,-1.45,22
1999/9/23,1200,583350,482,490,-2.05,6
1999/9/24,2200,1078600,485.1,491.95,1.95,8
1999/9/27,6600,3272320,491,497.5,5.55,22
1999/9/28,1200,595560,496,496.9,-0.6,5
1999/9/29,11693,5819721,482.5,497,0.1,30
1999/9/30,800,397600,497,497,,4
1999/10/1,800,388800,486,486,-11,3
1999/10/4,14200,7094230,491,503,17,39
1999/10/5,5200,2610870,500,503.5,0.5,23
1999/10/6,8200,4163880,505,507,3.5,38
1999/10/7,800,406130,507,507,,4
1999/10/8,3200,1618700,503,508,1,10
1999/10/11,20600,10520910,494.05,511.5,3.5,37
1999/10/12,7210,3670817,497.1,509.65,-1.85,18
1999/10/13,17400,8949600,509.65,516,6.35,64
1999/10/14,32400,16824970,502.2,520.2,4.2,82
1999/10/15,17200,8981280,510.1,525.9,5.7,54
1999/10/18,14400,7557990,510,523,-2.9,49
1999/10/19,11000,5754880,512.5,525,2,37
1999/10/20,12400,6467460,510.1,526,1,47
1999/10/21,5600,2949400,525,525,-1,17
1999/10/22,11000,5786040,518.1,527,2,23
1999/10/25,12800,6782170,522.1,533,6,48
1999/10/26,11200,6000040,531.1,531.1,-1.9,37
1999/10/27,5206,2758659,524.1,528,-3.1,19
1999/10/28,2200,1144240,518.2,519,-9,9
1999/10/29,5000,2565100,509.1,513.2,-5.8,23
1999/11/1,4000,2083780,515,525,11.8,16
1999/11/2,1600,841630,523.3,527.05,2.05,7
1999/11/3,13600,7207180,523,531.2,4.15,45
1999/11/4,6000,3207350,530.1,535,3.8,25
1999/11/5,11410,6152793,537.35,538,3,38
1999/11/8,10602,5737520,528.2,542,4,25
1999/11/9,17600,9528460,530.1,543,1,40
1999/11/10,2600,1394220,532.6,533,-10,9
1999/11/11,4200,2251200,536,536,3,8
1999/11/12,5000,2638530,522.05,527,-9,20
1999/11/15,1400,725720,516.1,516.1,-10.9,7
1999/11/16,1200,620800,516,516,-0.1,6
1999/11/17,3400,1732100,506.5,510,-6,14
1999/11/18,400,203930,509.35,510.3,0.3,2
1999/11/19,3200,1629550,506,506.2,-4.1,15
1999/11/22,3800,1988350,507.5,533,26.8,18
1999/11/23,1800,928950,512,512.5,-20.5,8
1999/11/24,400,202600,502,511,-1.5,2
1999/11/25,800,409820,510.05,515,4,4
1999/11/26,1200,611800,509,509,-6,6
1999/11/29,2600,1322900,508,508,-1,7
1999/11/30,4600,2312110,501.25,503.55,-4.45,15
1999/12/1,1800,907700,502.15,502.15,-1.4,9
1999/12/2,3400,1741030,506.65,513,10.85,10
1999/12/3,800,409010,510,512.85,-0.15,4
1999/12/6,2400,1216030,506,506.75,-6.1,12
1999/12/7,1606,810903,502.05,507.2,0.45,9
1999/12/8,2800,1410490,502.1,503.2,-4,14
1999/12/9,6000,3018040,502.65,503,-0.2,9
1999/12/10,4800,2404960,498,499,-4,20
1999/12/13,1800,905630,502,503.5,4.5,9
1999/12/14,6800,3531260,501.1,523,19.5,14
1999/12/15,1200,604660,502.5,507,-16,5
1999/12/16,2000,1009410,504,504.5,-2.5,8
1999/12/17,14800,7427890,501,501,X,37
1999/12/20,10200,5082640,496,496.1,-4.9,28
1999/12/21,1200,594540,494.15,496.1,,5
1999/12/22,200,99220,496.1,496.1,,1
1999/12/23,400,200650,500,503.25,7.15,2
1999/12/24,6200,2978800,478,478,-25.25,26
1999/12/27,3400,1661840,485.5,487,9,16
1999/12/28,10400,5057880,484.2,487,,16
1999/12/29,2000,975240,483.2,487,,7
1999/12/30,600,294080,488,488,1,3
1999/12/31,1000,491840,486.7,494,6,5
100/01/03,1002,495988,494,494,,5
100/01/04,2002,991470,494.1,495,1,8
100/01/05,1400,689220,491,491,-4,7
100/01/06,1200,587500,487.15,487.15,-3.85,5
100/01/07,1001,494679,485.6,498.35,11.2,6
100/01/10,400,195900,485.15,494.35,-4,2
100/01/11,1000,490870,489,489,-5.35,5
100/01/12,1400,684740,487.05,489.5,0.5,6
100/01/13,1600,784900,489,489,-0.5,8
100/01/14,400,195800,489,489,,2
100/01/17,400,193700,483.5,485,-4,2
100/01/18,3800,1837230,480.05,483.2,-1.8,11
100/01/19,2600,1260000,484,485,1.8,11
100/01/20,1200,586040,485,485,,6
100/01/21,1400,673340,480,482.15,-2.85,7
100/01/24,4800,2308090,480,483,0.85,16
100/01/25,800,385600,481,481,-2,4
100/01/26,2400,1155490,480,480,-1,8
100/01/27,1600,778150,481.55,485.05,5.05,8
100/01/28,1400,677580,481.15,481.15,-3.9,7
100/02/08,1000,480560,480.05,480.05,-1.1,4
100/02/09,7000,3337850,474.8,478,-2.05,27
100/02/10,11400,5393840,471,471,-7,36
100/02/11,6600,3098860,466,466,-5,21
100/02/14,2600,1209000,465,465,-1,7
100/02/15,1200,567100,470,477.5,12.5,6
100/02/16,1200,573700,470.15,478.35,0.85,6
100/02/17,600,285880,472.1,472.1,-6.25,3
100/02/18,2606,1231095,471,474.5,2.4,13
100/02/21,1406,664460,472,472,-2.5,7
100/02/22,1200,561710,466,466,-6,5
100/02/23,1249,580430,463.3,463.3,-2.7,6
100/02/24,200,92660,463.3,463.3,,1
100/02/25,400,187840,465,474.2,10.9,2
100/03/01,800,378040,470.1,470.1,-4.1,4
100/03/02,1800,854140,470,470,-0.1,7
100/03/03,3400,1576250,460,460,-10,14
100/03/04,200,94600,473,473,13,1
100/03/07,600,283200,469,475,2,3
100/03/08,1400,672780,478.8,480,5,7
100/03/09,600,285040,475,475,-5,3
100/03/10,400,189090,472.4,473.05,-1.95,2
100/03/11,800,379180,470,475,1.95,4
100/03/14,600,281640,466.5,466.7,-8.3,3
100/03/15,4800,2228400,460,460.1,-6.6,23
100/03/16,1400,654230,460.1,465,4.9,7
100/03/17,806,377166,462,470,5,4
100/03/18,1600,750300,461.5,461.5,-8.5,2
100/03/21,200,93030,465.15,465.15,3.65,1
100/03/22,200,92820,464.1,464.1,-1.05,1
100/03/23,200,93020,465.1,465.1,1,1
100/03/24,400,188400,467,475,9.9,2
100/03/25,200,95000,475,475,,1
100/03/28,200,93570,467.85,467.85,-7.15,1
100/03/29,600,280010,463.55,470,2.15,3
100/03/30,6600,3142390,470,481.9,11.9,33
100/03/31,1600,772290,472.55,482,0.1,6
100/04/01,600,289200,482,482,,3
100/04/06,1600,776180,483.65,483.65,1.65,8
100/04/07,1800,873960,484.5,485,1.35,8
100/04/08,800,386480,481.2,481.2,-3.8,4
100/04/11,2400,1163600,482,485,3.8,7
100/04/12,1400,677020,480.1,484,-1,4
100/04/13,200,95760,478.8,478.8,-5.2,1
100/04/14,400,192000,480,480,1.2,2
100/04/15,600,288070,478.35,482,2,3
100/04/18,200,97000,485,485,3,1
100/04/19,200,96800,484,484,-1,1
100/04/20,600,287880,479.8,479.8,-4.2,3
100/04/21,400,190790,476.95,476.95,-2.85,2
100/04/22,600,286800,477.8,477.8,0.85,3
100/04/25,200,95400,477,477,-0.8,1
100/04/26,400,191400,477,477,,2
100/04/27,800,383600,476.1,476.1,-0.9,4
100/04/28,2806,1335740,476,476,-0.1,6
100/04/29,400,190060,475,475,-1,2
100/05/03,400,190100,475.2,475.2,0.2,2
100/05/04,800,377400,470,475,-0.2,4
100/05/05,600,282140,470,470,-5,3
100/05/06,400,186530,465.3,465.3,-4.7,2
100/05/09,400,190600,474,479,13.7,2
100/05/10,400,188360,470.9,470.9,-8.1,2
100/05/11,400,190200,472.3,478.7,7.8,2
100/05/12,2000,939120,467.5,468,-10.7,8
100/05/13,200,93220,466.1,466.1,-1.9,1
100/05/16,400,186800,467,467,0.9,2
100/05/17,1000,474340,474,474,7,4
100/05/18,200,93330,466.65,466.65,-7.35,1
100/05/19,1400,653720,466.55,467,0.35,6
100/05/20,400,186190,465.45,465.5,-1.5,2
100/05/23,1800,837060,463.6,463.6,-1.9,8
100/05/24,1000,463220,463,463,-0.6,4
100/05/25,400,185600,464,464,1,1
100/05/26,800,371200,464,464,,3
100/05/27,1800,841020,463.5,472,8,7
100/05/30,1000,463460,463.3,463.5,-8.5,4
100/05/31,400,185220,462.6,462.6,-0.9,2
100/06/01,400,187500,463.5,474,11.4,2
100/06/02,400,185540,463.3,463.3,-10.7,2
100/06/03,600,279000,465,465,1.7,3
100/06/07,2000,930000,465,465,,6
100/06/08,400,188500,470,470,5,2
100/06/09,7400,3407820,460,460,-10,20
100/06/10,2400,1097020,455,457.8,-2.2,10
100/06/13,1000,456610,450.1,458,0.2,5
100/06/14,2400,1100040,450.1,460,2,3
100/06/15,4800,2169140,450,450,-10,19
100/06/16,600,272580,452,452,2,2
100/06/17,1600,729990,450.2,457.95,5.95,7
100/06/20,1200,541800,450,450,-7.95,6
100/06/21,2400,1085600,451,451,1,9
100/06/22,800,363400,451,453,2,4
100/06/23,0,0,450,450,,0
100/06/24,400,183880,456.5,462.9,X,2
100/06/27,400,185000,460,460,-2.9,2
100/06/28,600,277220,456.1,465,5,3
100/06/29,0,0,450,450,,0
100/06/30,2000,916290,455,458,X,8
100/07/01,200,93600,468,468,X,1
100/07/04,1200,560960,465,468,,4
100/07/05,600,279800,465.5,465.5,-2.5,3
100/07/06,200,92400,462,462,-3.5,1
100/07/07,1000,462520,450.6,462,,4
100/07/08,0,0,450,450,,0
100/07/11,0,0,450,450,,0
100/07/12,400,178800,435,459,X,2
100/07/13,600,271400,450,450,-9,3
100/07/14,1400,629120,445.1,445.1,-4.9,7
100/07/15,600,270000,450,450,4.9,3
100/07/18,1000,450400,450,452,2,4
100/07/19,3800,1691340,440,445,-7,12
100/07/20,1600,717060,445,448,3,5
100/07/21,0,0,450,450,,0
100/07/22,0,0,450,450,,0
100/07/25,200,88080,440.4,440.4,X,1
100/07/26,2000,880000,440,440,-0.4,6
100/07/27,2802,1251470,440,445,5,12
100/07/28,208,92488,445,445,,3
100/07/29,400,178000,445,445,,1
100/08/01,1200,532160,441.3,452,7,6
100/08/02,200,90200,451,451,-1,1
100/08/03,400,174200,435,436,-15,2
100/08/04,1400,610400,435,435,-1,5
100/08/05,2600,1079540,409,409,-26,12
100/08/08,12002,4712418,390.5,390.5,-18.5,21
100/08/09,2600,982320,370,370,-20.5,12
100/08/10,1400,540810,378.05,394,24,7
100/08/11,1400,535590,380,387.9,-6.1,7
100/08/12,400,156000,390,390,2.1,2
100/08/15,1200,469600,390,392,2,3
100/08/16,1800,703820,386.5,390,-2,7
100/08/17,202,79999,396,396,6,2
100/08/18,400,156800,392,392,-4,2
100/08/19,602,226960,376,376,-16,4
100/08/22,800,301800,376,376,,4
100/08/23,400,152000,380,380,4,2
100/08/24,400,151000,375,375,-5,2
100/08/25,0,0,450,450,,0
100/08/26,0,0,450,450,,0
100/08/29,600,231400,371,393,X,3
100/08/30,0,0,450,450,,0
100/08/31,0,0,450,450,,0
100/09/01,600,225800,371,387,X,2
100/09/02,0,0,450,450,,0
100/09/05,0,0,450,450,,0
100/09/06,1600,583400,360,366,X,7
100/09/07,600,226800,364.1,385.9,19.9,3
100/09/08,600,225000,374,376,-9.9,3
100/09/09,800,293600,367,367,-9,4
100/09/13,1803,653983,361,361,-6,10
100/09/14,400,148000,370,370,9,2
100/09/15,400,147600,368,370,,2
100/09/16,400,150000,375,375,5,2
100/09/19,600,222420,360.1,375,,3
100/09/20,1000,361000,361,361,-14,4
100/09/21,400,145400,363,363,2,2
100/09/22,0,0,450,450,,0
100/09/23,0,0,450,450,,0
100/09/26,0,0,450,450,,0
100/09/27,800,287800,351,363,X,4
100/09/28,3200,1103820,330,330,-33,12
100/09/29,400,138500,343,343,13,2
100/09/30,1200,405680,336.8,336.8,-6.2,4
100/10/03,2200,727700,330.1,331,-5.8,8
100/10/04,2400,787220,325,325,-6,11
100/10/05,806,260090,313,344,19,6
100/10/06,600,203180,338,339.9,-4.1,3
100/10/07,1200,417300,340,350,10.1,5
100/10/11,418,146592,351,351,1,4
100/10/12,1400,493920,351,354.6,3.6,7
100/10/13,1600,585200,358,375,20.4,8
100/10/14,600,219600,357,366,-9,3
100/10/17,600,227000,378,379,13,3
100/10/18,200,74000,370,370,-9,1
100/10/19,0,0,450,450,,0
100/10/20,0,0,450,450,,0
100/10/21,1600,541400,320,352,X,8
100/10/24,200,75000,375,375,23,1
100/10/25,800,298800,370,379,4,4
100/10/26,800,302200,375,379,,4
100/10/27,2000,757400,366,384,5,9
100/10/28,3000,1177400,384,400,16,12
100/10/31,600,237800,394.5,394.5,-5.5,3
100/11/01,0,0,450,450,,0
100/11/02,1200,457400,370,370,X,6
100/11/03,2400,920220,370.1,390,20,10
100/11/04,400,162000,405,405,15,2
100/11/07,2000,764100,380,395,-10,9
100/11/08,1000,396940,394.9,395,,5
100/11/09,400,158600,395,398,3,2
100/11/10,200,78800,394,394,-4,1
100/11/11,200,78000,390,390,-4,1
100/11/14,0,0,450,450,,0
100/11/15,202,76965,381,381,X,2
100/11/16,400,152800,379,385,4,2
100/11/17,401,150481,371,379.5,-5.5,3
100/11/18,1400,518620,367,385,5.5,7
100/11/21,0,0,450,450,,0
100/11/22,400,149000,365,380,X,2
100/11/23,2000,726400,352.5,355,-25,9
100/11/24,400,146200,356,356,1,2
100/11/25,2200,746600,332,339,-17,10
100/11/28,1000,336210,333.05,348.75,9.75,5
100/11/29,1200,424390,346.1,362,13.25,6
100/11/30,600,204420,337.1,338,-24,3
100/12/01,800,284400,349,358,20,4
100/12/02,0,0,450,450,,0
100/12/05,6400,2125670,322.05,339,X,30
100/12/06,400,137600,340,340,1,2
100/12/07,400,141400,349,358,18,2
100/12/08,600,210000,350,350,-8,3
100/12/09,0,0,450,450,,0
100/12/12,400,134600,332,332,X,2
100/12/13,400,136000,340,340,8,2
100/12/14,200,68000,340,340,,1
100/12/15,0,0,450,450,,0
100/12/16,400,133400,322,345,X,2
100/12/19,400,133000,325,340,-5,2
100/12/20,0,0,450,450,,0
100/12/21,200,71000,355,355,X,1
100/12/22,0,0,450,450,,0
100/12/23,0,0,450,450,,0
100/12/26,0,0,450,450,,0
100/12/27,800,260400,350,350,X,7
100/12/28,600,205200,342,342,-8,3
100/12/29,800,274800,341,349,7,4
100/12/30,200,69800,349,349,,1
101/01/02,0,0,450,450,,0
101/01/03,0,0,450,450,,0
101/01/04,0,0,450,450,,0
101/01/05,399,132725,331,331,X,3
101/01/06,1200,413620,340.1,340.1,9.1,5
101/01/09,800,282200,348,354,13.9,4
101/01/10,1600,565210,346.6,355.8,1.8,8
101/01/11,600,217120,358.1,362.5,6.7,3
101/01/12,400,144600,360,360,-2.5,2
101/01/13,0,0,450,450,,0
101/01/16,400,139400,347,347,X,2
101/01/17,200,73000,365,365,18,1
101/01/18,3400,1237700,358.5,365,,11
101/01/30,1000,370440,366.6,370,5,5
101/01/31,600,227340,375,375,5,3
101/02/01,1000,384200,382,384.7,9.7,5
101/02/02,800,307600,380,388,3.3,4
101/02/03,1400,540000,380,388,,7
101/02/04,1000,390000,388,389,1,5
101/02/06,800,308400,385,386,-3,4
101/02/07,600,233200,386,386,,3
101/02/08,400,157200,393,393,7,2
101/02/09,2000,774860,386,390,-3,10
101/02/10,1000,385100,383,386,-4,5
101/02/13,200,78800,394,394,8,1
101/02/14,0,0,450,450,,0
101/02/15,1200,458060,377.1,388,X,6
101/02/16,0,0,450,450,,0
101/02/17,400,155200,385,385,X,2
101/02/20,1200,475000,395,395,10,6
101/02/21,0,0,450,450,,0
101/02/22,3005,1057778,352,352,X,12
101/02/23,1400,529160,368,368,16,7
101/02/24,200,74400,372,372,4,1
101/02/29,1005,388040,385,387,15,6
101/03/01,400,155200,388,388,1,2
101/03/02,200,77800,389,389,1,1
101/03/03,200,75860,379.3,379.3,-9.7,1
101/03/05,0,0,450,450,,0
101/03/06,800,300120,371,374.7,X,4
101/03/07,2200,823300,372,375.7,1,11
101/03/08,0,0,450,450,,0
101/03/09,1200,450480,375,375,X,6
101/03/12,200,75200,376,376,1,1
101/03/13,800,302880,376,379,3,4
101/03/14,400,153300,383,383,4,2
101/03/15,600,224200,370,380,-3,3
101/03/16,400,152460,376.3,376.3,-3.7,2
101/03/19,400,153340,380,386.7,10.4,2
101/03/20,0,0,450,450,,0
101/03/21,205,75048,366,366,X,2
101/03/22,0,0,450,450,,0
101/03/23,0,0,450,450,,0
101/03/26,400,146800,367,367,X,2
101/03/27,200,76380,381.9,381.9,14.9,1
101/03/28,400,146980,365,369.9,-12,2
101/03/29,9800,4374400,361,450,80.1,29
101/03/30,1000,382050,371.25,375,-75,5
101/04/02,0,0,450,450,,0
101/04/03,2200,797020,360,361.5,X,11
101/04/05,1400,497300,353,353,-8.5,7
101/04/06,200,70820,354.1,354.1,1.1,1
101/04/09,400,146700,365,365,10.9,2
101/04/10,400,146000,365,365,,2
101/04/11,400,148580,369,373.9,8.9,2
101/04/12,0,0,450,450,,0
101/04/13,400,148000,370,370,X,2
101/04/16,0,0,450,450,,0
101/04/17,800,301480,374,377.5,X,4
101/04/18,200,74000,370,370,-7.5,1
101/04/19,200,74020,370.1,370.1,0.1,1
101/04/20,200,74200,371,371,0.9,1
101/04/23,400,148220,370.1,370.1,-0.9,2
101/04/24,0,0,450,450,,0
101/04/25,400,144400,361,361,X,2
101/04/26,200,73200,366,366,5,1
101/04/27,400,150580,374,378.9,12.9,2
101/04/30,1800,656400,360,365,-13.9,8
101/05/02,800,296920,370,370,5,4
101/05/03,800,294100,366.1,367.2,-2.8,4
101/05/04,1200,442400,368,370,2.8,6
101/05/07,0,0,450,450,,0
101/05/08,600,221380,366,366,X,3
101/05/09,200,73200,366,366,,1
101/05/10,200,72200,361,361,-5,1
101/05/11,400,146200,361,370,9,2
101/05/14,600,217300,360.1,365.9,-4.1,3
101/05/15,0,0,450,450,,0
101/05/16,600,214470,352.05,352.05,X,3
101/05/17,200,73900,369.5,369.5,17.45,1
101/05/18,0,0,450,450,,0
101/05/21,400,140000,350,350,X,1
101/05/22,1400,494260,350.2,355,5,7
101/05/23,1800,622820,341,341,-14,7
101/05/24,400,135200,338,338,-3,2
101/05/25,0,0,450,450,,0
101/05/28,3,1014,450,450,,1
101/05/29,800,279840,349.5,349.9,X,4
101/05/30,400,140000,350,350,0.1,2
101/05/31,0,0,450,450,,0
101/06/01,0,0,450,450,,0
101/06/04,600,206800,344,344,X,2
101/06/05,400,133260,333,333,-11,2
101/06/06,0,0,450,450,,0
101/06/07,800,270720,334.1,335,X,4
101/06/08,0,0,450,450,,0
101/06/11,0,0,450,450,,0
101/06/12,600,200920,331.5,333.1,X,3
101/06/13,0,0,450,450,,0
101/06/14,0,0,450,450,,0
101/06/15,0,0,450,450,,0
101/06/18,400,140180,347,353.9,X,2
101/06/19,400,138800,342,352,-1.9,2
101/06/20,0,0,450,450,,0
101/06/21,200,68040,340.2,340.2,X,1
101/06/22,200,68000,340,340,-0.2,1
101/06/25,0,0,450,450,,0
101/06/26,200,66000,330,330,X,1
101/06/27,200,69380,346.9,346.9,16.9,1
101/06/28,0,0,450,450,,0
101/06/29,0,0,450,450,,0
101/07/02,0,0,450,450,,0
101/07/03,800,264420,325.1,335,X,4
101/07/04,0,0,450,450,,0
101/07/05,0,0,450,450,,0
101/07/06,600,202620,331.1,340,X,3
101/07/09,3000,977780,321.2,335,-5,14
101/07/10,400,130440,323.2,329,-6,2
101/07/11,600,196800,324,330,1,3
101/07/12,200,66000,330,330,,1
101/07/13,800,259200,324,324,-6,4
101/07/16,400,130000,324,326,2,2
101/07/17,400,130940,322.2,332.5,6.5,2
101/07/18,2400,780260,323.1,325.5,-7,10
101/07/19,0,0,450,450,,0
101/07/20,200,65100,325.5,325.5,X,1
101/07/23,0,0,450,450,,0
101/07/24,0,0,450,450,,0
101/07/25,200,65100,325.5,325.5,X,1
101/07/26,0,0,450,450,,0
101/07/27,400,134600,333,340,X,2
101/07/30,0,0,450,450,,0
101/07/31,0,0,450,450,,0
101/08/01,0,0,450,450,,0
101/08/03,0,0,450,450,,0
101/08/06,0,0,450,450,,0
101/08/07,800,263000,325,325,X,4
101/08/08,600,197020,328.05,329,4,2
101/08/09,800,262460,326.15,330,1,4
101/08/10,400,131100,325.5,325.5,-4.5,2
101/08/13,600,198000,330,330,4.5,3
101/08/14,1000,330240,330,330,,5
101/08/15,8200,2605750,315.1,315.1,-14.9,25
101/08/16,1000,322800,322,323,7.9,5
101/08/17,200,64600,323,323,,1
101/08/20,200,64700,323.5,323.5,0.5,1
101/08/21,400,128600,320.5,320.5,-3,2
101/08/22,600,196220,323.1,328,7.5,3
101/08/23,0,0,450,450,,0
101/08/24,400,129400,320,327,X,2
101/08/27,200,64200,321,321,-6,1
101/08/28,200,62440,312.2,312.2,-8.8,1
101/08/29,1200,381840,313.6,321,8.8,6
101/08/30,0,0,450,450,,0
101/08/31,2800,895200,318,318,X,8
101/09/03,4800,1529220,313.4,321,3,7
101/09/04,400,128600,321,322,1,2
101/09/05,200,63600,318,318,-4,1
101/09/06,1000,316320,315.1,317,-1,5
101/09/07,800,257600,319,325,8,2
101/09/10,200,65700,328.5,328.5,3.5,1
101/09/11,200,64200,321,321,-7.5,1
101/09/12,1600,510280,317.1,323,2,7
101/09/13,0,0,450,450,,0
101/09/14,600,193600,320,320,X,3
101/09/17,1200,386610,320.1,320.15,0.15,6
101/09/18,0,0,450,450,,0
101/09/19,1200,382280,315.1,318,X,6
101/09/20,1000,318590,318.3,318.75,0.75,5
101/09/21,600,191380,318.6,319.2,0.45,3
101/09/24,400,128000,320,320,0.8,2
101/09/25,200,64030,320.15,320.15,0.15,1
101/09/26,1400,452220,323,323,2.85,7
101/09/27,0,0,450,450,,0
101/09/28,4200,1369900,325,325,X,13
101/10/01,400,131940,329.7,329.7,4.7,2
101/10/02,400,132000,330,330,0.3,2
101/10/03,2800,917340,326,326,-4,8
101/10/04,0,0,450,450,,0
101/10/05,800,265700,330,332.5,X,4
101/10/08,600,198700,331.1,331.2,-1.3,3
101/10/09,0,0,450,450,,0
101/10/11,1200,398440,331.5,331.5,X,6
101/10/12,400,133200,333,333,1.5,2
101/10/15,200,67400,337,337,4,1
101/10/16,600,202560,337,338,1,3
101/10/17,0,0,450,450,,0
101/10/18,800,272000,340,340,X,2
101/10/19,1400,477020,340.5,340.5,0.5,7
101/10/22,400,135200,338,338,-2.5,1
101/10/23,400,135200,338,338,,2
101/10/24,200,67300,336.5,336.5,-1.5,1
101/10/25,2800,944450,337,337,0.5,10
101/10/26,1400,461840,326,326,-11,7
101/10/29,0,0,450,450,,0
101/10/30,0,0,450,450,,0
101/10/31,0,0,450,450,,0
101/11/01,800,262880,327.4,332,X,4
101/11/02,200,67000,335,335,3,1
101/11/05,200,67000,335,335,,1
101/11/06,200,66240,331.2,331.2,-3.8,1
101/11/07,0,0,450,450,,0
101/11/08,0,0,450,450,,0
101/11/09,1000,331200,330,332,X,5
101/11/12,0,0,450,450,,0
101/11/13,1600,529540,330,331,X,7
101/11/14,0,0,450,450,,0
101/11/15,800,264840,331,331.1,X,3
101/11/16,0,0,450,450,,0
101/11/19,200,66220,331.1,331.1,X,1
101/11/20,1600,541460,330,330,-1.1,6
101/11/21,1200,398800,329,333,3,2
101/11/22,400,133000,332,332,-1,2
101/11/23,5800,1937040,330,330,-2,14
101/11/26,0,0,450,450,,0
101/11/27,400,132400,331,331,X,1
101/11/28,0,0,450,450,,0
101/11/29,400,132600,331,331,X,2
101/11/30,1000,331500,330.5,330.5,-0.5,5
101/12/03,5400,1783750,327,328.5,-2,24
101/12/04,4200,1374330,322.2,328.5,,15
101/12/05,1200,398300,330,330,1.5,6
101/12/06,400,136290,339.5,339.5,9.5,2
101/12/07,400,134800,335,339,-0.5,2
101/12/10,200,67800,339,339,,1
101/12/11,600,201810,335,335,-4,3
101/12/12,200,67600,338,338,3,1
101/12/13,1400,467160,331.1,336.95,-1.05,6
101/12/14,400,133440,332.2,335,X,2
101/12/17,800,268320,335,335,,4
101/12/18,600,202060,335.1,340,5,3
101/12/19,0,0,450,450,,0
101/12/20,0,0,450,450,,0
101/12/21,1000,338260,335.1,335.1,X,5
101/12/22,400,134420,335.1,337,1.9,2
101/12/24,600,202500,336.5,336.5,-0.5,3
101/12/25,600,201850,336.2,336.55,0.05,3
101/12/26,800,269640,336.75,336.75,0.2,4
101/12/27,1000,343720,343.6,343.8,7.05,4
101/12/28,200,68800,344,344,0.2,1
102/01/02,1000,343640,339.2,345,1,5
102/01/03,1600,554880,345,345,,6
102/01/04,1200,418800,349,349,4,3
102/01/07,200,69200,346,346,-3,1
102/01/08,400,138400,346,346,,1
102/01/09,600,207000,345,345,-1,2
102/01/10,600,204440,340.1,342,-3,3
102/01/11,400,137400,342,345,3,2
102/01/14,4400,1525320,341,350,5,13
102/01/15,600,209200,348,348,-2,3
102/01/16,800,277200,345,348,,4
102/01/17,0,0,450,450,,0
102/01/18,2600,901940,342,353,X,13
102/01/21,400,139760,349.3,349.3,-3.7,2
102/01/22,3200,1139840,350.5,360,10.7,11
102/01/23,6000,2157980,358.9,359,-1,25
102/01/24,1800,653030,360.65,365,6,9
102/01/25,4000,1471770,365.05,369.5,4.5,17
102/01/28,4600,1749610,379.05,381.8,12.3,17
102/01/29,1000,387160,386.8,386.8,5,5
102/01/30,3000,1161000,386.85,386.85,0.05,15
102/01/31,1600,618990,383.5,385.5,-1.35,6
102/02/01,1200,466200,385,389,3.5,5
102/02/04,400,156400,390,392,3,2
102/02/05,200,77740,388.7,388.7,-3.3,1
102/02/06,200,77980,389.9,389.9,1.2,1
102/02/18,800,311640,387,387,-2.9,4
102/02/19,0,0,450,450,,0
102/02/20,0,0,450,450,,0
102/02/21,400,152050,380,380,X,2
102/02/22,400,150000,375,375,-5,2
102/02/23,600,222640,370.6,372,-3,3
102/02/25,400,148000,370,370,-2,2
102/02/26,400,148540,365,377.7,7.7,2
102/02/27,1000,378580,377.5,380,2.3,5
102/03/01,800,298040,371.2,373,-7,4
102/03/04,1000,372000,372,372,-1,3
102/03/05,200,74400,372,372,,1
102/03/06,0,0,450,450,,0
102/03/07,2400,893800,372,377,X,6
102/03/08,200,75000,375,375,-2,1
102/03/11,200,75400,377,377,2,1
102/03/12,400,151190,377,378.95,1.95,2
102/03/13,1200,446820,372,372,-6.95,5
102/03/14,600,220220,362.1,362.1,-9.9,3
102/03/15,200,73800,369,369,6.9,1
102/03/18,0,0,450,450,,0
102/03/19,200,73800,369,369,X,1
102/03/20,0,0,450,450,,0
102/03/21,200,74000,370,370,X,1
102/03/22,0,0,450,450,,0
102/03/25,200,74400,372,372,X,1
102/03/26,200,73200,366,366,-6,1
102/03/27,0,0,450,450,,0
102/03/28,200,73600,368,368,X,1
102/03/29,0,0,450,450,,0
102/04/01,1600,584240,365,365.05,X,5
102/04/02,0,0,450,450,,0
102/04/03,400,147200,368,368,X,2
102/04/08,0,0,450,450,,0
102/04/09,200,74000,370,370,X,1
102/04/10,1400,497300,350.2,360,-10,7
102/04/11,600,219640,358.2,358.2,-1.8,3
102/04/12,202,73492,364,364,5.8,2
102/04/15,0,0,450,450,,0
102/04/16,0,0,450,450,,0
102/04/17,600,216820,358,358,X,3
102/04/18,200,72400,362,362,4,1
102/04/19,1200,432600,355.5,355.5,-6.5,6
102/04/22,400,147140,367.7,367.7,12.2,2
102/04/23,400,147580,368.9,369,1.3,2
102/04/24,1000,374160,370,370,1,5
102/04/25,200,74000,370,370,,1
102/04/26,3000,1122240,365.55,377.95,7.95,15
102/04/29,200,75200,376,376,-1.95,1
102/04/30,400,149240,371.2,371.2,-4.8,2
102/05/02,0,0,450,450,,0
102/05/03,600,223760,371.3,371.3,X,3
102/05/06,200,74260,371.3,371.3,,1
102/05/07,6400,2424410,373,379.05,7.75,20
102/05/08,10400,4021100,377.5,387,7.95,26
102/05/09,3600,1408250,385.25,385.25,-1.75,6
102/05/10,12800,5005000,391,392,6.75,36
102/05/13,2000,784000,392,392,,6
102/05/14,0,0,450,450,,0
102/05/15,0,0,450,450,,0
102/05/16,3600,1414200,392,395,X,6
102/05/17,0,0,450,450,,0
102/05/20,2000,797120,398,399.2,X,8
102/05/21,0,0,450,450,,0
102/05/22,0,0,450,450,,0
102/05/23,6600,2644640,389.05,389.05,X,14
102/05/24,5000,2007400,401.35,401.35,12.3,12
102/05/27,0,0,450,450,,0
102/05/28,0,0,450,450,,0
102/05/29,6000,2402460,400,400.8,X,12
102/05/30,24000,9711360,400.8,404,3.2,37
102/05/31,1400,569800,407,407,3,6
102/06/03,200,81400,407,407,,1
102/06/04,600,234120,382.3,382.3,-24.7,3
102/06/05,0,0,450,450,,0
102/06/06,0,0,450,450,,0
102/06/07,0,0,450,450,,0
102/06/10,0,0,450,450,,0
102/06/11,0,0,450,450,,0
102/06/13,200,75000,375,375,X,1
102/06/14,0,0,450,450,,0
102/06/17,400,148000,370,370,X,2
102/06/18,0,0,450,450,,0
102/06/19,0,0,450,450,,0
102/06/20,600,225900,370,370,X,3
102/06/21,0,0,450,450,,0
102/06/24,200,73000,365,365,X,1
102/06/25,802,283740,350,350,-15,5
102/06/26,800,280870,351.05,351.05,1.05,4
102/06/27,0,0,450,450,,0
102/06/28,0,0,450,450,,0
102/07/01,600,211800,353,353,X,3
102/07/02,200,70800,354,354,1,1
102/07/03,0,0,450,450,,0
102/07/04,400,141000,351,351,X,2
102/07/05,0,0,450,450,,0
102/07/08,600,210440,350.1,350.1,X,3
102/07/09,0,0,450,450,,0
102/07/10,200,73000,365,365,X,1
102/07/11,200,73800,369,369,4,1
102/07/12,0,0,450,450,,0
102/07/15,200,72800,364,364,X,1
102/07/16,600,216800,358,358,-6,3
102/07/17,0,0,450,450,,0
102/07/18,0,0,450,450,,0
102/07/19,0,0,450,450,,0
102/07/22,0,0,450,450,,0
102/07/23,0,0,450,450,,0
102/07/24,0,0,450,450,,0
102/07/25,200,71600,358,358,X,1
102/07/26,0,0,450,450,,0
102/07/29,0,0,450,450,,0
102/07/30,0,0,450,450,,0
102/07/31,600,213000,355,355,X,3
102/08/01,0,0,450,450,,0
102/08/02,0,0,450,450,,0
102/08/05,0,0,450,450,,0
102/08/06,200,71180,355.9,355.9,X,1
102/08/07,649,231688,350.15,370,14.1,4
102/08/08,0,0,450,450,,0
102/08/09,0,0,450,450,,0
102/08/12,0,0,450,450,,0
102/08/13,0,0,450,450,,0
102/08/14,0,0,450,450,,0
102/08/15,0,0,450,450,,0
102/08/16,400,143800,359,359,X,2
102/08/19,0,0,450,450,,0
102/08/20,610,221656,362,362,X,4
102/08/22,0,0,450,450,,0
102/08/23,0,0,450,450,,0
102/08/26,0,0,450,450,,0
102/08/27,0,0,450,450,,0
102/08/28,0,0,450,450,,0
102/08/29,0,0,450,450,,0
102/08/30,0,0,450,450,,0
102/09/02,0,0,450,450,,0
102/09/03,400,148000,370,370,X,2
102/09/04,200,73200,366,366,-4,1
102/09/05,0,0,450,450,,0
102/09/06,0,0,450,450,,0
102/09/09,400,149800,373,376,X,2
102/09/10,200,76000,380,380,4,1
102/09/11,600,227200,376,380,,3
102/09/12,0,0,450,450,,0
102/09/13,0,0,450,450,,0
102/09/14,0,0,450,450,,0
102/09/16,800,303600,379,379,X,4
102/09/17,400,154400,386,386,7,2
102/09/18,1400,533900,380,380,-6,7
102/09/23,1200,457300,380,382,2,6
102/09/24,400,152600,381,382,,2
102/09/25,200,76200,381,381,-1,1
102/09/26,2200,821100,370.4,379.5,-1.5,11
102/09/27,600,223210,372,372,-7.5,3
102/09/30,0,0,450,450,,0
102/10/01,200,74040,370.2,370.2,X,1
102/10/02,0,0,450,450,,0
102/10/03,200,74040,370.2,370.2,X,1
102/10/04,1400,516690,367,369.2,-1,7
102/10/07,0,0,450,450,,0
102/10/08,1000,367110,365,365,X,5
102/10/09,0,0,450,450,,0
102/10/11,0,0,450,450,,0
102/10/14,1400,513240,363.1,363.1,X,7
102/10/15,200,73900,369.5,369.5,6.4,1
102/10/16,400,147300,367.5,369,-0.5,2
102/10/17,400,147200,368,368,-1,2
102/10/18,0,0,450,450,,0
102/10/21,0,0,450,450,,0
102/10/22,0,0,450,450,,0
102/10/23,400,146520,365.5,365.5,X,2
102/10/24,400,146300,365.75,365.75,0.25,2
102/10/25,800,288840,360,360,-5.75,4
102/10/28,200,72000,360,360,,1
102/10/29,200,72000,360,360,,1
102/10/30,400,147800,365,374,14,2
102/10/31,0,0,450,450,,0
102/11/01,0,0,450,450,,0
102/11/04,400,147600,369,369,X,2
102/11/05,0,0,450,450,,0
102/11/06,0,0,450,450,,0
102/11/07,200,73800,369,369,X,1
102/11/08,200,73790,368.95,368.95,-0.05,1
102/11/11,0,0,450,450,,0
102/11/12,0,0,450,450,,0
102/11/13,0,0,450,450,,0
102/11/14,800,288000,360,360,X,3
102/11/15,200,74000,370,370,10,1
102/11/18,200,74200,371,371,1,1
102/11/19,1000,371220,371,371,,5
102/11/20,400,150400,376,376,5,2
102/11/21,0,0,450,450,,0
102/11/22,600,224880,374.5,374.5,X,3
102/11/25,200,74400,372,372,-2.5,1
102/11/26,200,74390,371.95,371.95,-0.05,1
102/11/27,1000,367080,365,370,-1.95,5
102/11/28,1001,372960,372,373,3,5
102/11/29,600,222690,371,371.3,-1.7,3
102/12/02,1000,371180,370.55,371.25,-0.05,4
102/12/03,13,4820,450,450,,1
102/12/04,200,73600,368,368,X,1
102/12/05,1400,519940,370.5,370.5,2.5,7
102/12/06,200,74780,373.9,373.9,3.4,1
102/12/09,600,222200,370,371,-2.9,3
102/12/10,200,74400,372,372,1,1
102/12/11,600,222700,371,371,-1,3
102/12/12,400,146120,365.25,365.35,-5.65,2
102/12/13,400,146270,363.35,368,X,2
102/12/16,200,73400,367,367,-1,1
102/12/17,200,73400,367,367,,1
102/12/18,1400,510610,363,365,-2,5
102/12/19,0,0,450,450,,0
102/12/20,200,73000,365,365,X,1
102/12/23,0,0,450,450,,0
102/12/24,0,0,450,450,,0
102/12/25,0,0,450,450,,0
102/12/26,215,78529,365,365,X,2
102/12/27,800,291800,364,365,,3
102/12/30,0,0,450,450,,0
102/12/31,0,0,450,450,,0
103/01/02,0,0,450,450,,0
103/01/03,200,72800,364,364,X,1
103/01/06,800,290390,362,362,-2,4
103/01/07,800,289610,362,362,,3
103/01/08,0,0,450,450,,0
103/01/09,400,144800,362,362,X,1
103/01/10,0,0,450,450,,0
103/01/13,200,72190,360.95,360.95,X,1
103/01/14,200,72010,360.05,360.05,-0.9,1
103/01/15,400,143580,357.85,360.05,,2
103/01/16,600,216300,360.5,360.5,0.45,3
103/01/17,800,287830,358,361.5,1,4
103/01/20,200,72000,360,360,-1.5,1
103/01/21,600,215020,357.1,358,-2,3
103/01/22,2415,861930,356,356.5,-1.5,13
103/01/23,0,0,450,450,,0
103/01/24,400,143130,356.9,358.75,X,2
103/01/27,400,142030,355,355,-3.75,2
103/02/05,4600,1578510,340,340,-15,19
103/02/06,2009,688028,341.5,342,2,11
103/02/07,1200,410400,342,342,,4
103/02/10,2200,752910,341.5,341.5,-0.5,10
103/02/11,1400,476860,340.05,340.05,-1.45,6
103/02/12,1400,476400,340,340,-0.05,7
103/02/13,800,272010,340,340,,4
103/02/14,1000,340050,340.05,340.05,0.05,4
103/02/17,0,0,450,450,,0
103/02/18,0,0,450,450,,0
103/02/19,400,137900,343,346.5,X,2
103/02/20,0,0,450,450,,0
103/02/21,0,0,450,450,,0
103/02/24,400,136000,340,340,X,2
103/02/25,400,136400,341,341,1,2
103/02/26,200,68200,341,341,,1
103/02/27,200,68200,341,341,,1
103/03/03,1000,341000,341,341,,5
103/03/04,1400,478940,340,343.9,2.9,7
103/03/05,0,0,450,450,,0
103/03/06,400,136410,341,341.05,X,2
103/03/07,200,68400,342,342,0.95,1
103/03/10,1600,543360,339.05,339.05,-2.95,8
103/03/11,400,135610,339,339,-0.05,2
103/03/12,1234,413230,334,335.15,-3.85,7
103/03/13,400,135400,337,340,4.85,2
103/03/14,600,204740,340,341.9,1.9,3
103/03/17,0,0,450,450,,0
103/03/18,0,0,450,450,,0
103/03/19,0,0,450,450,,0
103/03/20,400,134600,336.5,336.5,X,2
103/03/21,0,0,450,450,,0
103/03/24,0,0,450,450,,0
103/03/25,800,273780,341.5,342.95,X,4
103/03/26,600,207000,345,345,2.05,3
103/03/27,200,69000,345,345,,1
103/03/28,200,69180,345.9,345.9,0.9,1
103/03/31,0,0,450,450,,0
103/04/01,200,69180,345.9,345.9,X,1
103/04/02,600,207270,344.55,344.55,-1.35,3
103/04/03,200,69180,345.9,345.9,1.35,1
103/04/07,1200,413200,344,344,-1.9,4
103/04/08,3000,1018000,337,337,-7,10
103/04/09,400,139400,348,348,11,2
103/04/10,200,69600,348,348,,1
103/04/11,0,0,450,450,,0
103/04/14,400,139200,348,348,X,2
103/04/15,0,0,450,450,,0
103/04/16,0,0,450,450,,0
103/04/17,200,69800,349,349,X,1
103/04/18,0,0,450,450,,0
103/04/21,0,0,450,450,,0
103/04/22,600,207000,345,345,X,3
103/04/23,0,0,450,450,,0
103/04/24,2600,897000,345,345,X,1
103/04/25,400,136800,342,342,-3,2
103/04/28,200,69500,347.5,347.5,5.5,1
103/04/29,0,0,450,450,,0
103/04/30,200,69000,345,345,X,1
103/05/02,0,0,450,450,,0
103/05/05,0,0,450,450,,0
103/05/06,600,205800,343,343,X,3
103/05/07,200,69000,345,345,2,1
103/05/08,0,0,450,450,,0
103/05/09,0,0,450,450,,0
103/05/12,0,0,450,450,,0
103/05/13,0,0,450,450,,0
103/05/14,0,0,450,450,,0
103/05/15,2000,683820,341.55,342,X,10
103/05/16,0,0,450,450,,0
103/05/19,0,0,450,450,,0
103/05/20,0,0,450,450,,0
103/05/21,0,0,450,450,,0
103/05/22,200,68400,342,342,X,1
103/05/23,0,0,450,450,,0
103/05/26,400,138200,345,345,X,2
103/05/27,200,68600,343,343,-2,1
103/05/28,0,0,450,450,,0
103/05/29,0,0,450,450,,0
103/05/30,0,0,450,450,,0
103/06/03,400,137600,343,343,X,2
103/06/04,200,69000,345,345,2,1
103/06/05,0,0,450,450,,0
103/06/06,0,0,450,450,,0
103/06/09,2000,684000,342,342,X,4
103/06/10,0,0,450,450,,0
103/06/11,0,0,450,450,,0
103/06/12,0,0,450,450,,0
103/06/13,0,0,450,450,,0
103/06/16,0,0,450,450,,0
103/06/17,0,0,450,450,,0
103/06/18,0,0,450,450,,0
103/06/19,0,0,450,450,,0
103/06/20,0,0,450,450,,0
103/06/23,400,137320,343.1,343.1,X,2
103/06/24,0,0,450,450,,0
103/06/25,0,0,450,450,,0
103/06/26,200,68600,343,343,X,1
103/06/27,0,0,450,450,,0
103/06/30,0,0,450,450,,0
103/07/01,200,69400,347,347,X,1
103/07/02,200,68700,343.5,343.5,-3.5,1
103/07/03,400,137200,343,343,-0.5,2
103/07/04,0,0,450,450,,0
103/07/07,3200,1079800,334.1,334.1,X,12
103/07/08,1000,345000,345,345,10.9,2
103/07/09,600,204820,341,341.55,-3.45,3
103/07/10,1800,612910,340.5,340.55,-1,4
103/07/11,800,272160,340.2,340.2,-0.35,2
103/07/14,800,273240,340.2,342,1.8,3
103/07/15,200,68400,342,342,,1
103/07/16,5400,1817700,335.05,336.4,-5.6,27
103/07/17,0,0,450,450,,0
103/07/18,0,0,450,450,,0
103/07/21,0,0,450,450,,0
103/07/22,400,135430,338.15,339,X,2
103/07/24,800,273530,341.65,341.65,2.65,4
103/07/25,200,68420,342.1,342.1,0.45,1
103/07/28,800,277600,346,348,5.9,4
103/07/29,600,210340,349.8,351.9,3.9,3
103/07/30,200,70380,351.9,351.9,,1
103/07/31,400,140400,351,351,-0.9,2
103/08/01,0,0,450,450,,0
103/08/04,600,211600,352,353,X,3
103/08/05,800,281910,352.1,352.1,-0.9,4
103/08/06,0,0,450,450,,0
103/08/07,800,282210,352.05,352.05,X,4
103/08/08,400,140400,351,351,-1.05,2
103/08/11,0,0,450,450,,0
103/08/12,200,70600,353,353,X,1
103/08/13,0,0,450,450,,0
103/08/14,800,285150,352.75,358,X,4
103/08/15,0,0,450,450,,0
103/08/18,200,71600,358,358,X,1
103/08/19,200,71200,356,356,-2,1
103/08/20,200,71800,359,359,3,1
103/08/21,400,143200,358,358,-1,2
103/08/22,0,0,450,450,,0
103/08/25,200,71790,358.95,358.95,X,1
103/08/26,600,212200,353,355,-3.95,3
103/08/27,0,0,450,450,,0
103/08/28,400,141800,354,355,X,2
103/08/29,0,0,450,450,,0
103/09/01,0,0,450,450,,0
103/09/02,200,71800,359,359,X,1
103/09/03,800,284800,355,356,-3,4
103/09/04,1800,648300,359,361.5,5.5,9
103/09/05,1400,505800,361,361,-0.5,5
103/09/09,200,72010,360.05,360.05,-0.95,1
103/09/10,2200,793150,360.2,361.95,1.9,11
103/09/11,1600,580220,362,363,1.05,8
103/09/12,0,0,450,450,,0
103/09/15,800,289960,361,361,X,4
103/09/16,0,0,450,450,,0
103/09/17,0,0,450,450,,0
103/09/18,0,0,450,450,,0
103/09/19,200,70870,354.35,354.35,X,1
103/09/22,600,212660,354.35,354.35,,3
103/09/23,1200,418960,347.1,350.3,-4.05,6
103/09/24,1600,566020,353,355,4.7,8
103/09/25,0,0,450,450,,0
103/09/26,200,71000,355,355,X,1
103/09/29,0,0,450,450,,0
103/09/30,200,70420,352.1,352.1,X,1
103/10/01,0,0,450,450,,0
103/10/02,600,209410,349,349,X,3
103/10/03,600,209810,349.05,350,1,3
103/10/06,200,70010,350.05,350.05,0.05,1
103/10/07,400,140020,350.05,350.05,,2
103/10/08,0,0,450,450,,0
103/10/09,200,70010,350.05,350.05,X,1
103/10/13,1200,415100,343.1,343.1,-6.95,6
103/10/14,600,205560,342.2,342.2,-0.9,3
103/10/15,800,273750,342.1,342.1,-0.1,4
103/10/16,800,273300,340.4,340.4,-1.7,4
103/10/17,400,136620,341.5,341.6,1.2,2
103/10/20,0,0,450,450,,0
103/10/21,0,0,450,450,,0
103/10/22,0,0,450,450,,0
103/10/23,200,68200,341,341,X,1
103/10/24,200,68400,342,342,1,1
103/10/27,200,68050,340.25,340.25,-1.75,1
103/10/28,0,0,450,450,,0
103/10/29,200,69000,345,345,X,1
103/10/30,400,142000,355,355,10,2
103/10/31,0,0,450,450,,0
103/11/03,800,282100,350,354.5,X,4
103/11/04,0,0,450,450,,0
103/11/05,400,139230,343.25,352.9,X,2
103/11/06,0,0,450,450,,0
103/11/07,0,0,450,450,,0
103/11/10,600,210760,347.8,353,X,3
103/11/11,2600,927000,353,361,8,13
103/11/12,0,0,450,450,,0
103/11/13,0,0,450,450,,0
103/11/14,0,0,450,450,,0
103/11/17,600,214300,357,357.5,X,3
103/11/18,400,142040,352.2,352.2,-5.3,2
103/11/19,0,0,450,450,,0
103/11/20,0,0,450,450,,0
103/11/21,200,71200,356,356,X,1
103/11/24,1600,576900,357,361.85,5.85,8
103/11/25,0,0,450,450,,0
103/11/26,0,0,450,450,,0
103/11/27,800,288110,360.1,360.15,X,4
103/11/28,1400,504100,358.35,359.15,-1,7
103/12/01,1400,509150,363,363.05,3.9,7
103/12/02,600,218500,364,364.5,1.45,3
103/12/03,3200,1178810,364.5,370,5.5,15
103/12/04,2202,813644,367,370.5,0.5,10
103/12/05,1800,671880,370.6,370.6,0.1,9
103/12/08,2400,897850,371,371,0.4,12
103/12/09,3400,1262900,371.05,372,1,14
103/12/10,1400,516020,364.1,369,-3,7
103/12/11,1400,516200,368,369,,5
103/12/12,200,73600,368,368,X,1
103/12/15,0,0,450,450,,0
103/12/16,1000,368010,365.5,365.5,X,5
103/12/17,2600,959150,368,368.05,2.55,13
103/12/18,2400,888000,370,370,1.95,9
103/12/19,0,0,450,450,,0
103/12/22,2000,741820,370,372,X,10
103/12/23,1400,523000,373,374.5,2.5,6
103/12/24,1200,451990,371,379.95,5.45,6
103/12/25,2600,991810,378.1,380,0.05,12
103/12/26,2800,1067570,380,384.95,4.95,14
103/12/27,1600,615520,382,386.8,1.85,7
103/12/29,8200,3283140,389,408.9,22.1,36
103/12/30,1600,664820,411.1,412,3.1,8
103/12/31,10600,4675430,415,440,28,34
104/01/05,10000,4715880,445.5,476,36,44
104/01/06,14800,7042510,447.5,450,-26,60
104/01/07,17200,7648130,423,429,-21,66
104/01/08,7600,3501070,451.15,451.15,22.15,36
104/01/09,6800,3158750,458.95,461,9.85,30
104/01/12,4600,2134820,458,458,-3,21
104/01/13,4600,2085960,445.3,453.95,-4.05,18
104/01/14,1000,457400,452.5,452.5,-1.45,5
104/01/15,2800,1263010,447.1,448,-4.5,13
104/01/16,4400,1989210,448,454.5,6.5,21
104/01/19,2600,1123300,426,426,-28.5,12
104/01/20,1600,687420,416.1,435,9,8
104/01/21,800,349980,435,440,5,4
104/01/22,2000,883600,439,445,5,6
104/01/23,1400,631380,449,452,7,7
104/01/26,10200,4672940,456.5,458.5,6.5,27
104/01/27,200,91600,458,458,-0.5,1
104/01/28,400,180800,452,452,-6,1
104/01/29,0,0,450,450,,0
104/01/30,400,180000,448,452,X,2
104/02/02,1200,520200,430,430,-22,6
104/02/03,0,0,450,450,,0
104/02/04,200,86640,433.2,433.2,X,1
104/02/05,800,356790,445,446,12.8,4
104/02/06,400,176020,440,440,-6,2
104/02/09,800,354100,440,444,4,4
104/02/10,998,437220,440,440,-4,7
104/02/11,800,351420,436.05,436.05,-3.95,4
104/02/12,1600,704620,436.05,440,3.95,8
104/02/13,4200,1848820,439,441,1,21
104/02/24,1800,790040,438.55,438.55,-2.45,6
104/02/25,600,263020,438,438,-0.55,2
104/02/26,2200,965010,438,438.5,0.5,10
104/03/02,2400,1053600,438,438,-0.5,11
104/03/03,800,350210,437.5,437.5,-0.5,4
104/03/04,400,173020,432.1,433,-4.5,2
104/03/05,2400,1033060,430,430,-3,10
104/03/06,1800,776100,430,430,,8
104/03/09,400,170920,426.6,426.6,-3.4,2
104/03/10,400,171590,428.95,428.95,2.35,2
104/03/11,200,85050,425.25,425.25,-3.7,1
104/03/12,1000,426430,425.25,427.65,2.4,5
104/03/13,0,0,450,450,,0
104/03/16,200,87000,435,435,X,1
104/03/17,1000,435600,435,435,,5
104/03/18,0,0,450,450,,0
104/03/19,200,88000,440,440,X,1
104/03/20,200,88000,440,440,,1
104/03/23,1400,619800,440,445,5,7
104/03/24,2000,883000,440,440,-5,10
104/03/25,600,264000,440,440,,1
104/03/26,200,88000,440,440,,1
104/03/27,200,88000,440,440,,1
104/03/30,2400,1066730,441,445,5,12
104/03/31,2400,1080610,448,450,5,11
104/04/01,2200,991650,448,451,1,8
104/04/02,1400,634400,452.5,452.5,1.5,5
104/04/07,1400,640690,453,458,5.5,7
104/04/08,9600,4501850,464,472,14,37
104/04/09,81500,41909050,485,525,53,291
104/04/10,88497,50192789,525,569,44,298
104/04/13,122220,77306340,570,686,117,441
104/04/14,148032,112962534,690.3,782,96,573
104/04/15,92068,66123168,678,696,-86,390
104/04/16,88800,60185350,630,650,-46,358
104/04/17,47618,31211092,630,639,-11,169
104/04/20,40640,24555160,590,596,-43,164
104/04/21,44201,26445410,580,602.1,6.1,165
104/04/22,27800,16953700,605,608,5.9,102
104/04/23,26410,15840570,581.5,592,-16,125
104/04/24,44600,26083410,560.15,566.9,-25.1,104
104/04/27,8803,5175939,570.1,591,24.1,44
104/04/28,8202,4894428,585,585,-6,39
104/04/29,7223,4144083,560.55,575,-10,35
104/04/30,6000,3416420,565.5,570,-5,29
104/05/04,6400,3733080,579,579,9,31
104/05/05,10400,6031120,567.5,570,-9,45
104/05/06,9400,5221620,550,560,-10,43
104/05/07,13200,7089900,535,535,-25,44
104/05/08,6800,3660000,530,530,-5,25
104/05/11,14600,8111420,540,540,10,19
104/05/12,5400,2913290,535,535,-5,24
104/05/13,4003,2136675,528,528,-7,20
104/05/14,5000,2611350,520,520,-8,24
104/05/15,3000,1560200,515,520,,13
104/05/18,1000,528620,525.1,528,8,5
104/05/19,2400,1277640,525,538,10,11
104/05/20,2400,1302580,538,545,7,12
104/05/21,2400,1303460,540.1,540.1,-4.9,10
104/05/22,9250,5006160,540,545,4.9,41
104/05/25,39800,21902580,542.6,579,34,168
104/05/26,26011,15504655,587,591.1,12.1,101
104/05/27,13820,7863938,540.1,543,-48.1,62
104/05/28,7805,4341310,546,550.05,7.05,36
104/05/29,5250,2787470,524,531,-19.05,27
104/06/01,1200,643070,533.55,537,6,5
104/06/02,4400,2380600,535,535,-2,20
104/06/03,2000,1085000,540,541,6,9
104/06/04,6600,3527320,528,528,-13,27
104/06/05,4602,2413011,515,520.65,-7.35,24
104/06/08,4400,2300600,512.2,528,7.35,16
104/06/09,7000,3650540,513.2,513.2,-14.8,23
104/06/10,1400,726000,515,518,4.8,7
104/06/11,3209,1654245,515,515.05,-2.95,16
104/06/12,1004,522120,515.05,520.1,5.05,6
104/06/15,3200,1649100,515,515,-5.1,13
104/06/16,4800,2400640,491.2,498,-17,23
104/06/17,4000,1982020,490,499,1,18
104/06/18,1400,699810,498,498,-1,7
104/06/22,2600,1275700,490,490,-8,13
104/06/23,3400,1712600,493,514,24,14
104/06/24,1600,824000,514,516,2,8
104/06/25,1200,618600,511,511,-5,6
104/06/26,6206,3008139,480,494,X,26
104/06/29,13600,6416040,443.05,447.5,-46.5,54
104/06/30,2600,1210600,460,475,27.5,11
104/07/01,2020,989320,485,493.9,18.9,10
104/07/02,0,0,450,450,,0
104/07/03,1600,777960,480,490,X,8
104/07/06,4600,2206400,461,461,-29,23
104/07/07,3225,1506140,462,462,1,17
104/07/08,13610,6110410,439,458,-4,53
104/07/09,6681,2871847,426,427,-31,32
104/07/13,2000,901000,445,455,28,10
104/07/14,2400,1069800,441,441,-14,11
104/07/15,800,354800,443,443,2,2
104/07/16,0,0,450,450,,0
104/07/17,800,366170,457,457.85,X,4
104/07/20,7,3204,450,450,,1
104/07/21,3,1373,450,450,,1
104/07/22,400,185000,460,460,X,2
104/07/23,2600,1182000,450,460,,10
104/07/24,1400,634000,450,450,-10,7
104/07/27,4010,1781720,437,437,-13,17
104/07/28,4290,1816360,410,430,-7,22
104/07/29,0,0,450,450,,0
104/07/30,1600,704600,435,439,X,8
104/07/31,0,0,450,450,,0
104/08/03,6600,2754200,415,415,X,23
104/08/04,2600,1084400,415,416,1,12
104/08/05,1800,726000,398,416,,8
104/08/06,400,168000,420,420,4,2
104/08/07,600,252800,420,420,,3
104/08/10,2000,846400,420,425,5,10
104/08/11,1000,425200,422,425,,5
104/08/12,8000,3303230,407.05,408,-17,40
104/08/13,600,244800,408,408,,3
104/08/14,2000,827180,410,415.9,7.9,10
104/08/17,1400,578660,402.3,402.3,-13.6,5
104/08/18,600,242720,404.5,404.5,2.2,3
104/08/19,4400,1724340,390.05,390.15,-14.35,22
104/08/20,1200,476800,395,398,7.85,6
104/08/21,5800,2220960,380.35,380.35,-17.65,22
104/08/24,5400,1598820,280.5,293,-87.35,24
104/08/25,7800,2270120,290,295.15,2.15,11
104/08/26,3200,984600,304,311.2,16.05,9
104/08/27,0,0,450,450,,0
104/08/28,1400,445000,317,317,X,6
104/08/31,2800,952040,332.2,350,33,7
104/09/01,200,69000,345,345,-5,1
104/09/02,0,0,450,450,,0
104/09/03,0,0,450,450,,0
104/09/04,0,0,450,450,,0
104/09/07,1000,340660,340.05,341,X,3
104/09/08,1200,409200,341,341,,3
104/09/09,800,295200,369,369,28,3
104/09/10,400,147800,369,370,1,2
104/09/11,0,0,450,450,,0
104/09/14,200,72000,360,360,X,1
104/09/15,1800,648000,360,360,,6
104/09/16,0,0,450,450,,0
104/09/17,1400,511400,364,364,X,6
104/09/18,202,75750,375,375,11,2
104/09/21,2400,888840,370,370.8,-4.2,7
104/09/22,4600,1711200,372,372,1.2,9
104/09/23,3800,1400480,368,368,-4,11
104/09/24,6600,2443900,365,366.25,-1.75,12
104/09/25,0,0,450,450,,0
104/09/30,200,73780,368.9,368.9,X,1
104/10/01,4400,1389380,315.3,317.6,-51.3,14
104/10/02,0,0,450,450,,0
104/10/05,0,0,450,450,,0
104/10/06,0,0,450,450,,0
104/10/07,0,0,450,450,,0
104/10/08,0,0,450,450,,0
104/10/12,0,0,450,450,,0
104/10/13,0,0,450,450,,0
104/10/14,1800,696440,380,391.1,X,8
104/10/15,800,319400,397.5,397.5,6.4,3
104/10/16,6000,2388690,390.05,405,7.5,27
104/10/19,600,243000,405,405,,3
104/10/20,200,81000,405,405,,1
104/10/21,1600,655000,405,410,5,6
104/10/22,1400,576800,412,412,2,4
104/10/23,400,166760,412,421.8,9.8,2
104/10/26,200,85600,428,428,6.2,1
104/10/27,800,329600,412,412,-16,3
104/10/28,800,326400,408,408,-4,2
104/10/29,600,246790,400,416.95,8.95,3
104/10/30,0,0,450,450,,0
104/11/02,400,157480,393.1,394.3,X,2
104/11/03,0,0,450,450,,0
104/11/04,600,245600,409,410,X,3
104/11/05,1200,500310,415,417.95,7.95,6
104/11/06,600,248140,407.2,407.5,-10.45,3
104/11/09,1800,751120,408.1,418,10.5,9
104/11/10,3800,1540020,400,400,-18,12
104/11/11,49850,19455762,380.1,391.05,-8.95,194
104/11/12,36000,14392210,388,411.95,20.9,128
104/11/13,8672,3495190,400.9,400.95,-11,37
104/11/16,11600,4602740,395,395.1,-5.85,53
104/11/17,30412,12101520,392,400,4.9,84
104/11/18,46114,18869964,397.6,412,12,152
104/11/19,39000,16317280,410,419.8,7.8,101
104/11/20,32000,13432010,418.5,418.5,-1.3,41
104/11/23,30046,12615684,418.5,419.7,1.2,56
104/11/24,24026,10103657,417.7,419,-0.7,36
104/11/25,7811,3276886,418,421,2,25
104/11/26,7401,3127896,421.1,421.1,0.1,22
104/11/27,4400,1826570,412,412,-9.1,18
104/11/30,20038,8134608,405,406,-6,28
104/12/01,19601,8152100,406,418,12,40
104/12/02,9452,3933652,411,419,1,29
104/12/03,24850,10434200,413.85,420,1,32
104/12/04,5437,2246903,412.1,415,-5,21
104/12/07,13813,5728332,414,415.45,0.45,43
104/12/08,17200,7037250,405,409,-6.45,35
